{
  "n": 1319,
  "accuracy": 0.028051554207733132,
  "format_accuracy": 0.2577710386656558,
  "counts": {
    "correct": 37,
    "format_only": 303,
    "no_format": 979
  }
}