{
  "n": 1319,
  "k": 5,
  "accuracy": 0.09173616376042457,
  "tie_rate": 0.8013646702047005,
  "no_answer_rate": 0.034874905231235785,
  "mean_unique_answers": 2.664571877454831
}